,label,area,equivalent_diameter,mean_intensity,solidity,area_sq_microns,equivalent_diameter_microns
0,2,76,9.83698151873187,145.30263157894737,0.7102803738317757,0.9465465600000001,1.0978071374904768
1,4,74,9.706684619910241,153.40540540540542,0.7956989247311828,0.9216374400000001,1.083266003581983
2,8,87,10.524820207108489,149.48275862068965,0.8787878787878788,1.0835467200000002,1.1745699351133074
3,10,75,9.772050238058398,149.48,0.7281553398058253,0.9340920000000001,1.0905608065673174
4,12,93,10.881694613449236,151.66666666666666,0.8378378378378378,1.1582740800000002,1.2143971188609348
5,13,58,8.593479713983122,153.22413793103448,0.90625,0.7223644800000001,0.9590323360805164
6,16,529,25.95272084319679,149.52362948960302,0.7825443786982249,6.588462240000001,2.896323646100762
7,24,427,23.31680264534386,150.88758782201404,0.6876006441223832,5.318097120000001,2.602155175220375
8,25,122,12.463355264843006,148.81147540983608,0.8356164383561644,1.5194563200000002,1.3909104475564795
9,26,139,13.303394180365686,146.44604316546761,0.8373493975903614,1.7311838400000001,1.4846587905288107
10,34,87,10.524820207108489,151.28735632183907,0.90625,1.0835467200000002,1.1745699351133074
11,36,109,11.780624362746345,149.77064220183487,0.689873417721519,1.3575470400000003,1.3147176788824921
12,47,56,8.444016491289505,154.55357142857142,0.835820895522388,0.6974553600000001,0.9423522404279088
13,49,73,9.640875829802336,151.35616438356163,0.7448979591836735,0.9091828800000001,1.0759217426059409
14,58,87,10.524820207108489,146.95402298850576,0.9354838709677419,1.0835467200000002,1.1745699351133074
15,59,57,8.51907589177983,154.31578947368422,0.9344262295081968,0.7099099200000001,0.950728869522629
16,63,112,11.941642642883693,146.5,0.835820895522388,1.3949107200000002,1.3326873189458202
17,64,70,9.440697438826296,147.78571428571428,0.8536585365853658,0.8718192000000001,1.0535818341730148
18,78,76,9.83698151873187,149.96052631578948,0.6608695652173913,0.9465465600000001,1.0978071374904768
19,80,63,8.95623198216277,153.57142857142858,0.8076923076923077,0.7846372800000001,0.9995154892093652
20,82,53,8.214724333230155,150.49056603773585,0.726027397260274,0.6600916800000001,0.9167632355884854
21,83,94,10.940041919714261,145.6595744680851,0.831858407079646,1.17072864,1.2209086782401115
22,90,53,8.214724333230155,149.60377358490567,0.8412698412698413,0.6600916800000001,0.9167632355884854
23,91,52,8.136857890256438,151.15384615384616,0.8813559322033898,0.6476371200000001,0.9080733405526186
24,92,173,14.841510746523857,149.82080924855492,0.6653846153846154,2.1546388800000003,1.6563125993120627
25,93,99,11.227230955528665,152.87878787878788,0.853448275862069,1.2330014400000002,1.2529589746369991
26,96,140,13.351162356249091,149.45,0.5982905982905983,1.7436384000000003,1.4899897189573987
27,100,53,8.214724333230155,147.58490566037736,0.8983050847457628,0.6600916800000001,0.9167632355884854
28,102,74,9.706684619910241,145.52702702702703,0.8809523809523809,0.9216374400000001,1.083266003581983
29,108,109,11.780624362746345,146.94495412844037,0.7730496453900709,1.3575470400000003,1.3147176788824921
30,109,93,10.881694613449236,148.27956989247312,0.8454545454545455,1.1582740800000002,1.2143971188609348
31,113,142,13.446189622059965,152.22535211267606,0.8452380952380952,1.7685475200000003,1.5005947618218922
32,114,98,11.170383851240114,150.3673469387755,0.8909090909090909,1.2205468800000001,1.2466148377983968
33,120,101,11.340070282773887,150.63366336633663,0.8938053097345132,1.2579105600000002,1.265551843557566
34,121,136,13.159049284959082,152.00735294117646,0.7597765363128491,1.6938201600000002,1.4685499002014335
35,123,61,8.812923024107548,152.55737704918033,0.9242424242424242,0.7597281600000001,0.9835222094904024
36,126,157,14.138550439257221,151.4968152866242,0.7104072398190046,1.9553659200000002,1.577862229021106
37,128,106,11.617374563210365,146.81132075471697,0.8346456692913385,1.3201833600000001,1.2964990012542768
38,131,64,9.0270333367641,151.671875,0.8648648648648649,0.7970918400000001,1.0074169203828736
39,141,73,9.640875829802336,150.84931506849315,0.7849462365591398,0.9091828800000001,1.0759217426059409
40,145,70,9.440697438826296,151.52857142857144,0.8235294117647058,0.8718192000000001,1.0535818341730148
41,149,107,11.67204486311899,148.37383177570092,0.8106060606060606,1.3326379200000003,1.3026002067240792
42,150,113,11.994835078277376,144.95575221238937,0.8828125,1.4073652800000003,1.3386235947357552
43,152,84,10.341765891652821,162.8095238095238,0.9032258064516129,1.04618304,1.154141073508455
44,155,54,8.291859587312052,149.3148148148148,0.8059701492537313,0.6725462400000001,0.925371529944025
45,162,54,8.291859587312052,162.16666666666666,0.6923076923076923,0.6725462400000001,0.925371529944025
46,164,97,11.11324596323283,148.43298969072166,0.6783216783216783,1.2080923200000002,1.2402382494967839
47,180,65,9.09728368293446,147.75384615384615,0.8441558441558441,0.8095464000000001,1.0152568590154858
48,182,109,11.780624362746345,149.0091743119266,0.8515625,1.3575470400000003,1.3147176788824921
49,184,68,9.304852983362556,148.5,0.7727272727272727,0.8469100800000001,1.0384215929432614
50,185,70,9.440697438826296,147.9,0.8860759493670886,0.8718192000000001,1.0535818341730148
51,187,54,8.291859587312052,154.07407407407408,0.8852459016393442,0.6725462400000001,0.925371529944025
52,190,132,12.964089628857149,149.56060606060606,0.8198757763975155,1.6440019200000002,1.446792402580458
53,192,103,11.451797811161432,150.6893203883495,0.7573529411764706,1.2828196800000002,1.2780206357256159
54,194,130,12.865501965161373,152.45384615384614,0.8609271523178808,1.6190928000000002,1.4357900193120092
55,196,116,12.153015559492998,148.44827586206895,0.8467153284671532,1.4447289600000002,1.3562765364394187
56,199,66,9.166995688475081,154.92424242424244,0.9041095890410958,0.8220009600000001,1.0230367188338192
57,202,70,9.440697438826296,152.37142857142857,0.8860759493670886,0.8718192000000001,1.0535818341730148
58,208,52,8.136857890256438,151.05769230769232,0.896551724137931,0.6476371200000001,0.9080733405526186
59,211,57,8.51907589177983,150.47368421052633,0.8769230769230769,0.7099099200000001,0.950728869522629
60,217,102,11.396070970426017,148.83333333333334,0.7611940298507462,1.2703651200000001,1.2718015202995436
61,219,72,9.574614729634384,146.88888888888889,0.8181818181818182,0.8967283200000001,1.0685270038271972
62,226,133,13.013103375051497,151.7669172932331,0.8926174496644296,1.6564564800000001,1.452262336655747
63,229,411,22.875783109789968,151.2287104622871,0.75,5.118824160000001,2.5529373950525605
64,234,78,9.965574970333758,151.4102564102564,0.9285714285714286,0.9714556800000002,1.1121581666892475
65,236,56,8.444016491289505,146.76785714285714,0.9180327868852459,0.6974553600000001,0.9423522404279088
66,243,147,13.680870333281758,147.35374149659864,0.5833333333333334,1.8308203200000002,1.5267851291942443
67,245,123,12.514330345744634,148.2520325203252,0.8482758620689655,1.5319108800000003,1.3965992665851013
68,247,71,9.507891862878783,147.83098591549296,0.9102564102564102,0.8842737600000001,1.0610807318972721
69,252,234,17.26088217525478,148.88888888888889,0.6763005780346821,2.9143670400000006,1.9263144507584333
70,254,71,9.507891862878783,152.09859154929578,0.7634408602150538,0.8842737600000001,1.0610807318972721
71,255,68,9.304852983362556,151.5735294117647,0.9577464788732394,0.8469100800000001,1.0384215929432614
72,256,130,12.865501965161373,151.86153846153846,0.7303370786516854,1.6190928000000002,1.4357900193120092
73,259,155,14.048207338801282,151.1032258064516,0.8201058201058201,1.9304568000000002,1.5677799390102232
74,261,52,8.136857890256438,151.90384615384616,0.896551724137931,0.6476371200000001,0.9080733405526186
75,266,80,10.092530088080641,151.275,0.6837606837606838,0.9963648000000002,1.1263263578297997
76,268,109,11.780624362746345,149.0183486238532,0.7569444444444444,1.3575470400000003,1.3147176788824921
77,275,72,9.574614729634384,152.23611111111111,0.9,0.8967283200000001,1.0685270038271972
78,277,161,14.317526556719258,148.2111801242236,0.7318181818181818,2.00518416,1.5978359637298694
79,284,80,10.092530088080641,148.475,0.6557377049180327,0.9963648000000002,1.1263263578297997
80,285,128,12.766152972845846,146.0625,0.7398843930635838,1.5941836800000002,1.4247026717695965
81,297,81,10.155412503859614,147.8395061728395,0.801980198019802,1.0088193600000002,1.133344035430733
82,299,61,8.812923024107548,148.98360655737704,0.7721518987341772,0.7597281600000001,0.9835222094904024
83,300,136,13.159049284959082,149.9191176470588,0.7513812154696132,1.6938201600000002,1.4685499002014335
84,301,57,8.51907589177983,152.140350877193,0.8382352941176471,0.7099099200000001,0.950728869522629
85,307,63,8.95623198216277,150.23809523809524,0.7241379310344828,0.7846372800000001,0.9995154892093652
86,309,167,14.581872443920643,149.29341317365268,0.7952380952380952,2.0799115200000005,1.6273369647415439
87,319,143,13.493452297211721,149.4125874125874,0.6875,1.7810020800000002,1.5058692763688282
88,321,75,9.772050238058398,146.24,0.9146341463414634,0.9340920000000001,1.0905608065673174
89,323,115,12.100518486599809,148.31304347826088,0.575,1.4322744000000003,1.3504178631045387
90,325,103,11.451797811161432,146.88349514563106,0.6167664670658682,1.2828196800000002,1.2780206357256159
91,326,100,11.283791670955125,154.02,0.847457627118644,1.2454560000000001,1.259271150478592
92,327,146,13.63425735166143,150.26712328767124,0.9182389937106918,1.8183657600000003,1.5215831204454158
93,330,102,11.396070970426017,149.8921568627451,0.7846153846153846,1.2703651200000001,1.2718015202995436
94,331,99,11.227230955528665,147.6161616161616,0.868421052631579,1.2330014400000002,1.2529589746369991
95,332,70,9.440697438826296,151.57142857142858,0.8641975308641975,0.8718192000000001,1.0535818341730148
96,334,70,9.440697438826296,146.85714285714286,0.8860759493670886,0.8718192000000001,1.0535818341730148
97,339,86,10.464157913908982,154.4418604651163,0.86,1.07109216,1.1678000231922425
98,348,85,10.403141895720198,147.08235294117648,0.6854838709677419,1.0586376000000002,1.1609906355623743
99,349,95,10.998079684646791,145.29473684210527,0.6129032258064516,1.1831832000000002,1.227385692806582
100,352,153,13.957279475043833,151.63398692810458,0.7050691244239631,1.9055476800000002,1.5576323894148918
101,356,98,11.170383851240114,152.01020408163265,0.9245283018867925,1.2205468800000001,1.2466148377983968
102,357,67,9.23618154310838,149.53731343283582,0.9305555555555556,0.8344555200000001,1.0307578602108953
103,362,93,10.881694613449236,147.44086021505376,0.8157894736842105,1.1582740800000002,1.2143971188609348
104,368,77,9.901487006738307,147.42857142857142,0.8555555555555555,0.9590011200000002,1.105005949951995
105,370,59,8.667244841319219,148.135593220339,0.8082191780821918,0.7348190400000001,0.9672645242912249
106,377,117,12.205286835384658,149.06837606837607,0.8068965517241379,1.4571835200000003,1.362110010828928
107,378,81,10.155412503859614,147.1851851851852,0.7363636363636363,1.0088193600000002,1.133344035430733
108,382,81,10.155412503859614,146.320987654321,0.75,1.0088193600000002,1.133344035430733
109,385,88,10.585134856802455,149.10227272727272,0.8148148148148148,1.09600128,1.181301050019154
110,386,81,10.155412503859614,149.64197530864197,0.7788461538461539,1.0088193600000002,1.133344035430733
111,388,86,10.464157913908982,150.3372093023256,0.8269230769230769,1.07109216,1.1678000231922425
112,391,77,9.901487006738307,151.03896103896105,0.8555555555555555,0.9590011200000002,1.105005949951995
113,401,116,12.153015559492998,151.31896551724137,0.7837837837837838,1.4447289600000002,1.3562765364394187
114,405,99,11.227230955528665,152.5050505050505,0.9,1.2330014400000002,1.2529589746369991
115,406,83,10.280023453913834,153.67469879518072,0.8137254901960784,1.0337284800000002,1.147250617456784
116,409,56,8.444016491289505,146.35714285714286,0.9491525423728814,0.6974553600000001,0.9423522404279088
117,412,61,8.812923024107548,147.44262295081967,0.9384615384615385,0.7597281600000001,0.9835222094904024
118,416,99,11.227230955528665,146.36363636363637,0.7674418604651163,1.2330014400000002,1.2529589746369991
119,417,50,7.978845608028654,153.58,0.9090909090909091,0.6227280000000001,0.8904391698559978
120,422,72,9.574614729634384,148.75,0.7422680412371134,0.8967283200000001,1.0685270038271972
121,423,106,11.617374563210365,151.16981132075472,0.8091603053435115,1.3201833600000001,1.2964990012542768
122,425,63,8.95623198216277,151.42857142857142,0.8289473684210527,0.7846372800000001,0.9995154892093652
123,428,96,11.055812783082736,151.27083333333334,0.7111111111111111,1.19563776,1.2338287065920335
124,433,108,11.726460285670077,151.7962962962963,0.8852459016393442,1.3450924800000001,1.3086729678807807
125,438,88,10.585134856802455,147.57954545454547,0.6929133858267716,1.09600128,1.181301050019154
126,440,77,9.901487006738307,147.0,0.77,0.9590011200000002,1.105005949951995
127,444,90,10.704744696916627,149.53333333333333,0.8737864077669902,1.1209104,1.1946495081758957
128,449,445,23.803184606416586,151.323595505618,0.7946428571428571,5.542279200000001,2.656435402076091
129,452,60,8.740387444736633,149.08333333333334,0.821917808219178,0.7472736000000001,0.9754272388326083
130,453,191,15.594510349620345,149.52879581151834,0.7047970479704797,2.3788209600000005,1.7403473550176305
131,456,125,12.6156626101008,145.592,0.8741258741258742,1.5568200000000003,1.4079079472872493
132,457,151,13.86575534383214,152.31788079470198,0.7864583333333334,1.8806385600000002,1.547418296371667
133,458,95,10.998079684646791,147.21052631578948,0.8962264150943396,1.1831832000000002,1.227385692806582
134,465,123,12.514330345744634,151.85365853658536,0.6542553191489362,1.5319108800000003,1.3965992665851013
135,471,101,11.340070282773887,148.2970297029703,0.8782608695652174,1.2579105600000002,1.265551843557566
136,478,79,10.02925341359355,149.22784810126583,0.8876404494382022,0.9839102400000002,1.1192646809570401
137,479,106,11.617374563210365,148.5,0.7851851851851852,1.3201833600000001,1.2964990012542768
138,480,162,14.361922094451577,145.96296296296296,0.6639344262295082,2.0176387200000003,1.602790505740796
139,489,247,17.733870630789692,149.8744939271255,0.7866242038216561,3.0762763200000003,1.9790999623961296
140,490,76,9.83698151873187,146.06578947368422,0.8172043010752689,0.9465465600000001,1.0978071374904768
141,494,62,8.884866446580956,161.24193548387098,0.7469879518072289,0.7721827200000001,0.9915510954384347
142,497,57,8.51907589177983,145.7719298245614,0.8028169014084507,0.7099099200000001,0.950728869522629
143,501,88,10.585134856802455,146.1818181818182,0.822429906542056,1.09600128,1.181301050019154
144,503,58,8.593479713983122,143.5344827586207,0.8656716417910447,0.7223644800000001,0.9590323360805164
145,507,90,10.704744696916627,147.9111111111111,0.8823529411764706,1.1209104,1.1946495081758957
146,514,298,19.47884453275087,148.54026845637583,0.5831702544031311,3.7114588800000003,2.173839049854997
147,516,87,10.524820207108489,148.95402298850576,0.6258992805755396,1.0835467200000002,1.1745699351133074
148,518,159,14.228319915326999,148.40251572327045,0.6022727272727273,1.9802750400000002,1.5878805025504932
149,520,123,12.514330345744634,149.39837398373984,0.7192982456140351,1.5319108800000003,1.3965992665851013
150,521,52,8.136857890256438,145.1153846153846,0.9122807017543859,0.6476371200000001,0.9080733405526186
151,523,119,12.309163489997376,149.27731092436974,0.7986577181208053,1.4820926400000003,1.3737026454837071
152,527,108,11.726460285670077,148.37037037037038,0.8503937007874016,1.3450924800000001,1.3086729678807807
153,533,111,11.888212206450685,146.6216216216216,0.6032608695652174,1.3824561600000003,1.3267244822398965
154,534,125,12.6156626101008,152.096,0.6756756756756757,1.5568200000000003,1.4079079472872493
155,535,78,9.965574970333758,149.37179487179486,0.896551724137931,0.9714556800000002,1.1121581666892475
156,536,109,11.780624362746345,147.25688073394497,0.7898550724637681,1.3575470400000003,1.3147176788824921
157,538,74,9.706684619910241,148.2027027027027,0.7956989247311828,0.9216374400000001,1.083266003581983
158,545,65,9.09728368293446,148.46153846153845,0.8666666666666667,0.8095464000000001,1.0152568590154858
159,546,157,14.138550439257221,153.35668789808918,0.8770949720670391,1.9553659200000002,1.577862229021106
160,553,59,8.667244841319219,150.83050847457628,0.8805970149253731,0.7348190400000001,0.9672645242912249
161,555,62,8.884866446580956,142.91935483870967,0.9253731343283582,0.7721827200000001,0.9915510954384347
162,557,385,22.140398025397776,150.8025974025974,0.6875,4.7950056000000005,2.470868419634392
163,558,50,7.978845608028654,152.6,0.8928571428571429,0.6227280000000001,0.8904391698559978
164,565,106,11.617374563210365,150.74528301886792,0.8617886178861789,1.3201833600000001,1.2964990012542768
165,570,190,15.553633450087505,147.69473684210527,0.7364341085271318,2.3663664000000004,1.7357854930297656
166,573,142,13.446189622059965,147.27464788732394,0.8875,1.7685475200000003,1.5005947618218922
167,576,64,9.0270333367641,159.9375,0.7529411764705882,0.7970918400000001,1.0074169203828736
168,577,111,11.888212206450685,148.38738738738738,0.7816901408450704,1.3824561600000003,1.3267244822398965
169,579,70,9.440697438826296,150.78571428571428,0.8235294117647058,0.8718192000000001,1.0535818341730148
170,582,70,9.440697438826296,150.92857142857142,0.7526881720430108,0.8718192000000001,1.0535818341730148
171,585,159,14.228319915326999,149.37106918238993,0.8195876288659794,1.9802750400000002,1.5878805025504932
172,586,101,11.340070282773887,148.46534653465346,0.8938053097345132,1.2579105600000002,1.265551843557566
173,593,126,12.666024736934256,147.64285714285714,0.8129032258064516,1.5692745600000002,1.413528360641863
174,595,132,12.964089628857149,148.62878787878788,0.7058823529411765,1.6440019200000002,1.446792402580458
175,599,75,9.772050238058398,150.28,0.9375,0.9340920000000001,1.0905608065673174
176,602,54,8.291859587312052,150.94444444444446,0.7605633802816901,0.6725462400000001,0.925371529944025
177,606,66,9.166995688475081,150.46969696969697,0.88,0.8220009600000001,1.0230367188338192
178,610,377,21.909160375631842,148.0557029177719,0.8627002288329519,4.6953691200000005,2.4450622979205137
179,613,54,8.291859587312052,148.0185185185185,0.8852459016393442,0.6725462400000001,0.925371529944025
180,620,93,10.881694613449236,144.7311827956989,0.8157894736842105,1.1582740800000002,1.2143971188609348
181,626,78,9.965574970333758,147.37179487179486,0.8571428571428571,0.9714556800000002,1.1121581666892475
182,633,110,11.834540545406394,151.14545454545456,0.8270676691729323,1.3700016000000002,1.3207347248673538
183,635,116,12.153015559492998,148.01724137931035,0.8111888111888111,1.4447289600000002,1.3562765364394187
184,640,71,9.507891862878783,148.40845070422534,0.8765432098765432,0.8842737600000001,1.0610807318972721
185,645,195,15.756957549709801,148.34871794871796,0.7862903225806451,2.4286392,1.758476462547614
186,647,77,9.901487006738307,154.14285714285714,0.875,0.9590011200000002,1.105005949951995
187,648,105,11.562445770562215,149.25714285714287,0.8267716535433071,1.3077288000000002,1.2903689479947433
188,653,81,10.155412503859614,147.90123456790124,0.7788461538461539,1.0088193600000002,1.133344035430733
189,654,60,8.740387444736633,145.11666666666667,0.8450704225352113,0.7472736000000001,0.9754272388326083
190,662,136,13.159049284959082,144.26470588235293,0.8095238095238095,1.6938201600000002,1.4685499002014335
191,665,78,9.965574970333758,151.37179487179486,0.9285714285714286,0.9714556800000002,1.1121581666892475
192,668,88,10.585134856802455,151.45454545454547,0.6423357664233577,1.09600128,1.181301050019154
193,669,90,10.704744696916627,144.5888888888889,0.967741935483871,1.1209104,1.1946495081758957
194,670,105,11.562445770562215,149.0857142857143,0.813953488372093,1.3077288000000002,1.2903689479947433
195,674,63,8.95623198216277,146.82539682539684,0.7682926829268293,0.7846372800000001,0.9995154892093652
196,675,97,11.11324596323283,154.37113402061857,0.8818181818181818,1.2080923200000002,1.2402382494967839
197,676,104,11.507254783503184,146.97115384615384,0.8813559322033898,1.2952742400000001,1.2842096338389553
198,677,120,12.360774464742066,147.80833333333334,0.8163265306122449,1.4945472000000002,1.3794624302652148
199,678,328,20.43581587980116,146.9420731707317,0.48520710059171596,4.08509568,2.28063705218581
200,679,110,11.834540545406394,150.8,0.9565217391304348,1.3700016000000002,1.3207347248673538
201,682,85,10.403141895720198,147.72941176470587,0.7327586206896551,1.0586376000000002,1.1609906355623743
202,688,176,14.96964127403822,151.17045454545453,0.9025641025641026,2.19200256,1.6706119661826655
203,690,207,16.23454913941803,147.06280193236714,0.6613418530351438,2.57809392,1.811775683959052
204,691,135,13.110581167104948,146.54814814814816,0.7988165680473372,1.6813656000000001,1.4631408582489123
205,696,106,11.617374563210365,142.5754716981132,0.7969924812030075,1.3201833600000001,1.2964990012542768
206,703,52,8.136857890256438,151.23076923076923,0.9122807017543859,0.6476371200000001,0.9080733405526186
207,706,50,7.978845608028654,162.84,0.9615384615384616,0.6227280000000001,0.8904391698559978
208,708,70,9.440697438826296,150.15714285714284,0.875,0.8718192000000001,1.0535818341730148
209,716,125,12.6156626101008,148.176,0.8865248226950354,1.5568200000000003,1.4079079472872493
210,717,95,10.998079684646791,150.86315789473684,0.7661290322580645,1.1831832000000002,1.227385692806582
211,725,53,8.214724333230155,149.03773584905662,0.9137931034482759,0.6600916800000001,0.9167632355884854
212,728,92,10.823032759612019,146.54347826086956,0.8214285714285714,1.14581952,1.2078504559727015
213,731,72,9.574614729634384,149.40277777777777,0.7422680412371134,0.8967283200000001,1.0685270038271972
214,733,363,21.498510523728477,149.900826446281,0.8402777777777778,4.521005280000001,2.3992337744480983
215,734,86,10.464157913908982,150.40697674418604,0.6615384615384615,1.07109216,1.1678000231922425
216,735,96,11.055812783082736,149.90625,0.9230769230769231,1.19563776,1.2338287065920335
217,742,122,12.463355264843006,144.60655737704917,0.7672955974842768,1.5194563200000002,1.3909104475564795
218,749,75,9.772050238058398,153.21333333333334,0.9146341463414634,0.9340920000000001,1.0905608065673174
219,750,57,8.51907589177983,141.24561403508773,0.6951219512195121,0.7099099200000001,0.950728869522629
220,753,63,8.95623198216277,154.33333333333334,0.9264705882352942,0.7846372800000001,0.9995154892093652
221,755,99,11.227230955528665,150.59595959595958,0.7615384615384615,1.2330014400000002,1.2529589746369991
222,756,156,14.093451279891855,150.3397435897436,0.8813559322033898,1.9429113600000003,1.5728291628359312
223,757,97,11.11324596323283,152.58762886597938,0.7950819672131147,1.2080923200000002,1.2402382494967839
224,760,91,10.764051215546116,153.37362637362637,0.9191919191919192,1.1333649600000002,1.2012681156549467
225,764,103,11.451797811161432,144.7864077669903,0.7463768115942029,1.2828196800000002,1.2780206357256159
226,766,58,8.593479713983122,162.82758620689654,0.8923076923076924,0.7223644800000001,0.9590323360805164
227,770,152,13.911592676604096,150.40131578947367,0.7638190954773869,1.8930931200000003,1.5525337427090171
228,771,68,9.304852983362556,148.9558823529412,0.918918918918919,0.8469100800000001,1.0384215929432614
229,774,131,12.914889870235298,147.84732824427482,0.7119565217391305,1.6315473600000001,1.4413017095182592
230,779,134,13.061933202803933,147.71641791044777,0.7613636363636364,1.6689110400000002,1.457711745432919
231,783,63,8.95623198216277,146.33333333333334,0.863013698630137,0.7846372800000001,0.9995154892093652
232,787,75,9.772050238058398,144.69333333333333,0.8928571428571429,0.9340920000000001,1.0905608065673174
233,788,71,9.507891862878783,152.83098591549296,0.8255813953488372,0.8842737600000001,1.0610807318972721
234,789,86,10.464157913908982,147.53488372093022,0.8349514563106796,1.07109216,1.1678000231922425
235,801,103,11.451797811161432,148.64077669902912,0.7202797202797203,1.2828196800000002,1.2780206357256159
236,802,55,8.368283871884005,153.8909090909091,0.859375,0.6850008000000001,0.933900480102255
237,803,58,8.593479713983122,147.48275862068965,0.9666666666666667,0.7223644800000001,0.9590323360805164
238,806,138,13.255453865237978,143.47101449275362,0.7931034482758621,1.7187292800000002,1.4793086513605584
239,814,67,9.23618154310838,151.2537313432836,0.8933333333333333,0.8344555200000001,1.0307578602108953
240,825,114,12.047792665040703,150.359649122807,0.8571428571428571,1.4198198400000002,1.3445336614185426
241,827,471,24.488687706168772,147.7112526539278,0.7863105175292153,5.866097760000001,2.7329375480084352
242,830,100,11.283791670955125,148.95,0.8547008547008547,1.2454560000000001,1.259271150478592
243,834,57,8.51907589177983,154.3859649122807,0.9047619047619048,0.7099099200000001,0.950728869522629
244,836,69,9.373021315815206,146.9855072463768,0.8961038961038961,0.8593646400000001,1.0460291788449771
245,838,108,11.726460285670077,148.50925925925927,0.7714285714285715,1.3450924800000001,1.3086729678807807
246,840,463,24.279825147895533,149.86393088552916,0.7678275290215588,5.766461280000001,2.7096284865051414
247,841,66,9.166995688475081,146.78787878787878,0.8148148148148148,0.8220009600000001,1.0230367188338192
248,842,127,12.716187407449045,145.5748031496063,0.6649214659685864,1.5817291200000003,1.4191265146713135
249,847,114,12.047792665040703,151.85087719298247,0.8085106382978723,1.4198198400000002,1.3445336614185426
250,848,152,13.911592676604096,147.63815789473685,0.6755555555555556,1.8930931200000003,1.5525337427090171
251,850,104,11.507254783503184,154.14423076923077,0.8813559322033898,1.2952742400000001,1.2842096338389553
252,851,96,11.055812783082736,147.78125,0.8,1.19563776,1.2338287065920335
253,855,83,10.280023453913834,148.7710843373494,0.8469387755102041,1.0337284800000002,1.147250617456784
254,861,135,13.110581167104948,146.37777777777777,0.675,1.6813656000000001,1.4631408582489123
255,862,111,11.888212206450685,149.0900900900901,0.8538461538461538,1.3824561600000003,1.3267244822398965
256,870,118,12.257335203001883,144.57627118644066,0.6555555555555556,1.4696380800000002,1.3679186086550101
257,876,52,8.136857890256438,148.6346153846154,0.8813559322033898,0.6476371200000001,0.9080733405526186
258,878,56,8.444016491289505,145.71428571428572,0.8888888888888888,0.6974553600000001,0.9423522404279088
259,880,79,10.02925341359355,149.54430379746836,0.8494623655913979,0.9839102400000002,1.1192646809570401
260,885,85,10.403141895720198,146.21176470588236,0.8333333333333334,1.0586376000000002,1.1609906355623743
261,886,177,15.012108426804138,147.87570621468927,0.7629310344827587,2.2044571200000003,1.6753513004313418
262,894,149,13.773623058786647,150.86577181208054,0.8142076502732241,1.8557294400000002,1.5371363333605899
263,898,55,8.368283871884005,164.74545454545455,0.873015873015873,0.6850008000000001,0.933900480102255
264,904,72,9.574614729634384,148.66666666666666,0.7741935483870968,0.8967283200000001,1.0685270038271972
265,906,100,11.283791670955125,152.46,0.7092198581560284,1.2454560000000001,1.259271150478592
266,917,81,10.155412503859614,151.59259259259258,0.9310344827586207,1.0088193600000002,1.133344035430733
267,924,115,12.100518486599809,147.30434782608697,0.782312925170068,1.4322744000000003,1.3504178631045387
268,934,559,26.678472698169138,150.99821109123434,0.8547400611620795,6.962099040000001,2.9773175531156757
269,935,154,14.002817212590296,150.58441558441558,0.6968325791855203,1.9180022400000003,1.562714400925077
270,939,52,8.136857890256438,150.32692307692307,0.8666666666666667,0.6476371200000001,0.9080733405526186
271,948,135,13.110581167104948,148.78518518518518,0.7988165680473372,1.6813656000000001,1.4631408582489123
272,950,426,23.28948359361322,150.45774647887325,0.650381679389313,5.305642560000001,2.5991063690472354
273,952,84,10.341765891652821,145.6904761904762,0.7304347826086957,1.04618304,1.154141073508455
274,953,118,12.257335203001883,149.4406779661017,0.7515923566878981,1.4696380800000002,1.3679186086550101
275,964,88,10.585134856802455,150.13636363636363,0.9166666666666666,1.09600128,1.181301050019154
276,965,63,8.95623198216277,155.28571428571428,0.9264705882352942,0.7846372800000001,0.9995154892093652
277,968,58,8.593479713983122,149.58620689655172,0.8529411764705882,0.7223644800000001,0.9590323360805164
278,970,94,10.940041919714261,153.39361702127658,0.9215686274509803,1.17072864,1.2209086782401115
279,977,103,11.451797811161432,145.9126213592233,0.8956521739130435,1.2828196800000002,1.2780206357256159
280,981,85,10.403141895720198,147.28235294117647,0.7589285714285714,1.0586376000000002,1.1609906355623743
281,983,72,9.574614729634384,149.79166666666666,0.7659574468085106,0.8967283200000001,1.0685270038271972
282,985,97,11.11324596323283,153.46391752577318,0.8290598290598291,1.2080923200000002,1.2402382494967839
283,990,90,10.704744696916627,147.9111111111111,0.7964601769911505,1.1209104,1.1946495081758957
284,994,92,10.823032759612019,146.2826086956522,0.9019607843137255,1.14581952,1.2078504559727015
285,996,90,10.704744696916627,148.92222222222222,0.6976744186046512,1.1209104,1.1946495081758957
286,998,66,9.166995688475081,151.24242424242425,0.8354430379746836,0.8220009600000001,1.0230367188338192
287,1016,52,8.136857890256438,149.82692307692307,0.7647058823529411,0.6476371200000001,0.9080733405526186
288,1029,57,8.51907589177983,148.98245614035088,0.95,0.7099099200000001,0.950728869522629
289,1030,52,8.136857890256438,151.59615384615384,0.9629629629629629,0.6476371200000001,0.9080733405526186
290,1032,104,11.507254783503184,152.25,0.6797385620915033,1.2952742400000001,1.2842096338389553
291,1034,114,12.047792665040703,146.80701754385964,0.7080745341614907,1.4198198400000002,1.3445336614185426
292,1035,65,9.09728368293446,152.2923076923077,0.7303370786516854,0.8095464000000001,1.0152568590154858
293,1037,172,14.798554040663838,147.87790697674419,0.8151658767772512,2.14218432,1.6515186309380843
294,1038,78,9.965574970333758,152.65384615384616,0.7647058823529411,0.9714556800000002,1.1121581666892475
295,1039,50,7.978845608028654,166.64,0.9803921568627451,0.6227280000000001,0.8904391698559978
296,1043,50,7.978845608028654,152.18,0.8771929824561403,0.6227280000000001,0.8904391698559978
297,1044,109,11.780624362746345,146.69724770642202,0.7841726618705036,1.3575470400000003,1.3147176788824921
298,1046,68,9.304852983362556,147.10294117647058,0.8095238095238095,0.8469100800000001,1.0384215929432614
299,1051,141,13.398760233979036,146.89361702127658,0.6380090497737556,1.7560929600000001,1.4953016421120606
300,1057,422,23.179885415554555,149.22511848341233,0.7288428324697754,5.25582432,2.5868752123758885
301,1058,76,9.83698151873187,148.6184210526316,0.8735632183908046,0.9465465600000001,1.0978071374904768
302,1061,51,8.058239062071396,145.2941176470588,0.9444444444444444,0.6351825600000001,0.8992994793271678
303,1063,61,8.812923024107548,147.98360655737704,0.8243243243243243,0.7597281600000001,0.9835222094904024
304,1064,58,8.593479713983122,140.94827586206895,0.9206349206349206,0.7223644800000001,0.9590323360805164
305,1077,65,9.09728368293446,161.6153846153846,0.8333333333333334,0.8095464000000001,1.0152568590154858
306,1078,74,9.706684619910241,150.09459459459458,0.7872340425531915,0.9216374400000001,1.083266003581983
307,1081,65,9.09728368293446,148.1076923076923,0.8783783783783784,0.8095464000000001,1.0152568590154858
308,1082,85,10.403141895720198,149.1529411764706,0.9444444444444444,1.0586376000000002,1.1609906355623743
309,1084,144,13.540550005146152,153.07638888888889,0.7461139896373057,1.7934566400000003,1.5111253805743106
310,1094,91,10.764051215546116,146.98901098901098,0.8198198198198198,1.1333649600000002,1.2012681156549467
311,1095,180,15.138795132120961,146.32222222222222,0.7407407407407407,2.2418208,1.6894895367446994
312,1096,138,13.255453865237978,148.68840579710144,0.7931034482758621,1.7187292800000002,1.4793086513605584
313,1097,72,9.574614729634384,150.93055555555554,0.9473684210526315,0.8967283200000001,1.0685270038271972
314,1099,63,8.95623198216277,147.1904761904762,0.9,0.7846372800000001,0.9995154892093652
315,1104,149,13.773623058786647,150.3489932885906,0.7303921568627451,1.8557294400000002,1.5371363333605899
316,1106,64,9.0270333367641,150.0625,0.7619047619047619,0.7970918400000001,1.0074169203828736
317,1110,69,9.373021315815206,151.8985507246377,0.8625,0.8593646400000001,1.0460291788449771
318,1117,67,9.23618154310838,149.17910447761193,0.9054054054054054,0.8344555200000001,1.0307578602108953
319,1123,68,9.304852983362556,149.47058823529412,0.9066666666666666,0.8469100800000001,1.0384215929432614
320,1135,105,11.562445770562215,148.67619047619047,0.860655737704918,1.3077288000000002,1.2903689479947433
321,1143,60,8.740387444736633,146.61666666666667,0.9375,0.7472736000000001,0.9754272388326083
322,1149,96,11.055812783082736,148.91666666666666,0.8067226890756303,1.19563776,1.2338287065920335
323,1152,151,13.86575534383214,153.52980132450332,0.8830409356725146,1.8806385600000002,1.547418296371667
324,1159,126,12.666024736934256,150.9920634920635,0.802547770700637,1.5692745600000002,1.413528360641863
325,1164,70,9.440697438826296,142.31428571428572,0.8860759493670886,0.8718192000000001,1.0535818341730148
326,1166,59,8.667244841319219,154.15254237288136,0.8939393939393939,0.7348190400000001,0.9672645242912249
327,1170,93,10.881694613449236,146.36559139784947,0.6838235294117647,1.1582740800000002,1.2143971188609348
328,1175,90,10.704744696916627,144.72222222222223,0.8035714285714286,1.1209104,1.1946495081758957
329,1177,63,8.95623198216277,152.28571428571428,0.75,0.7846372800000001,0.9995154892093652
330,1178,58,8.593479713983122,146.5,0.8169014084507042,0.7223644800000001,0.9590323360805164
331,1179,138,13.255453865237978,148.52173913043478,0.700507614213198,1.7187292800000002,1.4793086513605584
332,1180,83,10.280023453913834,151.12048192771084,0.8217821782178217,1.0337284800000002,1.147250617456784
333,1181,64,9.0270333367641,147.546875,0.8767123287671232,0.7970918400000001,1.0074169203828736
334,1184,76,9.83698151873187,152.81578947368422,0.9156626506024096,0.9465465600000001,1.0978071374904768
335,1186,120,12.360774464742066,148.475,0.7142857142857143,1.4945472000000002,1.3794624302652148
336,1191,117,12.205286835384658,148.94871794871796,0.8602941176470589,1.4571835200000003,1.362110010828928
337,1192,467,24.384480051691096,150.3426124197002,0.6877761413843888,5.816279520000001,2.7213079737687265
338,1193,143,13.493452297211721,148.54545454545453,0.8265895953757225,1.7810020800000002,1.5058692763688282
339,1196,94,10.940041919714261,145.2340425531915,0.746031746031746,1.17072864,1.2209086782401115
340,1199,147,13.680870333281758,147.31972789115648,0.7577319587628866,1.8308203200000002,1.5267851291942443
341,1200,148,13.727325035155395,146.27702702702703,0.7047619047619048,1.8432748800000003,1.5319694739233423
342,1203,80,10.092530088080641,151.775,0.8333333333333334,0.9963648000000002,1.1263263578297997
343,1204,103,11.451797811161432,150.97087378640776,0.9035087719298246,1.2828196800000002,1.2780206357256159
344,1205,163,14.406180819073164,148.0,0.6546184738955824,2.0300932800000004,1.6077297794085652
345,1207,136,13.159049284959082,148.34558823529412,0.8717948717948718,1.6938201600000002,1.4685499002014335
346,1208,53,8.214724333230155,146.56603773584905,0.7910447761194029,0.6600916800000001,0.9167632355884854
347,1211,105,11.562445770562215,148.86666666666667,0.8536585365853658,1.3077288000000002,1.2903689479947433
348,1217,73,9.640875829802336,151.8082191780822,0.7525773195876289,0.9091828800000001,1.0759217426059409
349,1219,192,15.635280380893438,149.66145833333334,0.8648648648648649,2.39127552,1.7448972905077078
350,1222,65,9.09728368293446,145.52307692307693,0.8904109589041096,0.8095464000000001,1.0152568590154858
351,1228,87,10.524820207108489,148.33333333333334,0.8613861386138614,1.0835467200000002,1.1745699351133074
352,1235,535,26.099485750361293,149.97009345794393,0.6729559748427673,6.663189600000001,2.9127026097403204
353,1236,143,13.493452297211721,152.17482517482517,0.7988826815642458,1.7810020800000002,1.5058692763688282
354,1241,59,8.667244841319219,148.64406779661016,0.8805970149253731,0.7348190400000001,0.9672645242912249
355,1244,93,10.881694613449236,147.94623655913978,0.9207920792079208,1.1582740800000002,1.2143971188609348
356,1246,87,10.524820207108489,151.06896551724137,0.7372881355932204,1.0835467200000002,1.1745699351133074
357,1250,106,11.617374563210365,146.0943396226415,0.9217391304347826,1.3201833600000001,1.2964990012542768
358,1252,137,13.207339536360731,148.64963503649636,0.6919191919191919,1.7062747200000001,1.4739390922578577
359,1257,107,11.67204486311899,152.0,0.9469026548672567,1.3326379200000003,1.3026002067240792
360,1266,76,9.83698151873187,148.21052631578948,0.7378640776699029,0.9465465600000001,1.0978071374904768
361,1270,98,11.170383851240114,149.3469387755102,0.620253164556962,1.2205468800000001,1.2466148377983968
362,1271,84,10.341765891652821,149.41666666666666,0.84,1.04618304,1.154141073508455
363,1272,133,13.013103375051497,145.3233082706767,0.76,1.6564564800000001,1.452262336655747
364,1276,159,14.228319915326999,150.85534591194968,0.726027397260274,1.9802750400000002,1.5878805025504932
365,1278,65,9.09728368293446,146.84615384615384,0.9701492537313433,0.8095464000000001,1.0152568590154858
366,1279,73,9.640875829802336,145.8082191780822,0.8295454545454546,0.9091828800000001,1.0759217426059409
367,1286,70,9.440697438826296,145.12857142857143,0.8045977011494253,0.8718192000000001,1.0535818341730148
368,1290,55,8.368283871884005,145.5090909090909,0.9016393442622951,0.6850008000000001,0.933900480102255
369,1291,96,11.055812783082736,155.10416666666666,0.8571428571428571,1.19563776,1.2338287065920335
370,1294,75,9.772050238058398,150.8,0.7352941176470589,0.9340920000000001,1.0905608065673174
371,1297,134,13.061933202803933,150.46268656716418,0.7701149425287356,1.6689110400000002,1.457711745432919
372,1298,108,11.726460285670077,148.39814814814815,0.7248322147651006,1.3450924800000001,1.3086729678807807
373,1299,102,11.396070970426017,150.5,0.8429752066115702,1.2703651200000001,1.2718015202995436
374,1301,124,12.565098628628435,148.58064516129033,0.7848101265822784,1.5443654400000002,1.4022650069549334
375,1306,95,10.998079684646791,146.69473684210527,0.8050847457627118,1.1831832000000002,1.227385692806582
376,1309,51,8.058239062071396,150.54901960784315,0.796875,0.6351825600000001,0.8992994793271678
377,1312,103,11.451797811161432,145.48543689320388,0.8442622950819673,1.2828196800000002,1.2780206357256159
378,1314,202,16.03728119216293,149.16336633663366,0.7769230769230769,2.5158211200000005,1.789760581045383
379,1316,238,17.407785949022028,146.91176470588235,0.7083333333333334,2.9641852800000006,1.9427089119108585
380,1317,129,12.815923738491737,147.12403100775194,0.7456647398843931,1.60663824,1.4302570892156778
381,1319,69,9.373021315815206,148.7391304347826,0.7752808988764045,0.8593646400000001,1.0460291788449771
382,1328,100,11.283791670955125,149.82,0.7751937984496124,1.2454560000000001,1.259271150478592
383,1331,122,12.463355264843006,146.44262295081967,0.7439024390243902,1.5194563200000002,1.3909104475564795
384,1339,68,9.304852983362556,150.66176470588235,0.9444444444444444,0.8469100800000001,1.0384215929432614
385,1340,62,8.884866446580956,153.33870967741936,0.8266666666666667,0.7721827200000001,0.9915510954384347
386,1342,52,8.136857890256438,163.6346153846154,0.896551724137931,0.6476371200000001,0.9080733405526186
387,1344,103,11.451797811161432,148.61165048543688,0.7152777777777778,1.2828196800000002,1.2780206357256159
388,1346,95,10.998079684646791,147.66315789473686,0.8260869565217391,1.1831832000000002,1.227385692806582
389,1347,158,14.183506197980657,147.15822784810126,0.6245059288537549,1.9678204800000003,1.5828792916946415
390,1349,92,10.823032759612019,148.0108695652174,0.8761904761904762,1.14581952,1.2078504559727015
391,1350,67,9.23618154310838,155.7462686567164,0.9054054054054054,0.8344555200000001,1.0307578602108953
392,1354,96,11.055812783082736,145.97916666666666,0.8727272727272727,1.19563776,1.2338287065920335
393,1357,168,14.625465582862905,145.1904761904762,0.7671232876712328,2.09236608,1.6322019590475003
394,1366,104,11.507254783503184,146.94230769230768,0.896551724137931,1.2952742400000001,1.2842096338389553
395,1367,55,8.368283871884005,149.70909090909092,0.9482758620689655,0.6850008000000001,0.933900480102255
396,1368,69,9.373021315815206,151.17391304347825,0.8625,0.8593646400000001,1.0460291788449771
397,1369,174,14.884343478431232,148.9022988505747,0.7404255319148936,2.1670934400000004,1.6610927321929256
398,1376,120,12.360774464742066,150.08333333333334,0.7643312101910829,1.4945472000000002,1.3794624302652148
399,1387,74,9.706684619910241,148.45945945945945,0.9135802469135802,0.9216374400000001,1.083266003581983
400,1389,59,8.667244841319219,147.89830508474577,0.9076923076923077,0.7348190400000001,0.9672645242912249
401,1390,243,17.58969042850512,147.59259259259258,0.5955882352941176,3.0264580800000003,1.9630094518211714
402,1399,74,9.706684619910241,145.90540540540542,0.9135802469135802,0.9216374400000001,1.083266003581983
403,1404,119,12.309163489997376,147.41176470588235,0.9224806201550387,1.4820926400000003,1.3737026454837071
404,1409,131,12.914889870235298,148.96946564885496,0.7844311377245509,1.6315473600000001,1.4413017095182592
405,1413,106,11.617374563210365,148.9056603773585,0.8760330578512396,1.3201833600000001,1.2964990012542768
406,1419,66,9.166995688475081,151.04545454545453,0.9428571428571428,0.8220009600000001,1.0230367188338192
407,1422,134,13.061933202803933,148.13432835820896,0.7976190476190477,1.6689110400000002,1.457711745432919
408,1431,190,15.553633450087505,147.94736842105263,0.6333333333333333,2.3663664000000004,1.7357854930297656
409,1433,109,11.780624362746345,151.08256880733944,0.8384615384615385,1.3575470400000003,1.3147176788824921
410,1436,84,10.341765891652821,151.8095238095238,0.7777777777777778,1.04618304,1.154141073508455
411,1438,87,10.524820207108489,149.02298850574712,0.7016129032258065,1.0835467200000002,1.1745699351133074
412,1444,172,14.798554040663838,146.84302325581396,0.6935483870967742,2.14218432,1.6515186309380843
413,1445,71,9.507891862878783,153.69014084507043,0.8452380952380952,0.8842737600000001,1.0610807318972721
414,1447,57,8.51907589177983,149.140350877193,0.8636363636363636,0.7099099200000001,0.950728869522629
415,1449,69,9.373021315815206,148.0144927536232,0.9078947368421053,0.8593646400000001,1.0460291788449771
416,1450,106,11.617374563210365,149.0566037735849,0.8548387096774194,1.3201833600000001,1.2964990012542768
417,1455,137,13.207339536360731,153.56204379562044,0.8404907975460123,1.7062747200000001,1.4739390922578577
418,1456,106,11.617374563210365,147.33018867924528,0.7412587412587412,1.3201833600000001,1.2964990012542768
419,1461,51,8.058239062071396,146.7450980392157,0.8793103448275862,0.6351825600000001,0.8992994793271678
420,1463,60,8.740387444736633,151.81666666666666,0.9230769230769231,0.7472736000000001,0.9754272388326083
421,1465,207,16.23454913941803,147.5072463768116,0.5490716180371353,2.57809392,1.811775683959052
422,1466,101,11.340070282773887,148.05940594059405,0.8782608695652174,1.2579105600000002,1.265551843557566
423,1467,156,14.093451279891855,151.39102564102564,0.65,1.9429113600000003,1.5728291628359312
424,1474,185,15.347615963921077,150.74054054054054,0.6607142857142857,2.3040936000000003,1.7127939415735922
425,1480,84,10.341765891652821,149.28571428571428,0.6461538461538462,1.04618304,1.154141073508455
426,1481,66,9.166995688475081,158.63636363636363,0.8461538461538461,0.8220009600000001,1.0230367188338192
427,1485,496,25.13019725725687,148.1834677419355,0.7315634218289085,6.177461760000001,2.804530013909867
428,1487,120,12.360774464742066,151.05833333333334,0.7058823529411765,1.4945472000000002,1.3794624302652148
429,1489,170,14.712264360219255,148.45882352941177,0.6967213114754098,2.1172752000000004,1.641888702600469
430,1492,100,11.283791670955125,150.1,0.8928571428571429,1.2454560000000001,1.259271150478592
431,1494,50,7.978845608028654,151.64,0.7142857142857143,0.6227280000000001,0.8904391698559978
432,1497,75,9.772050238058398,149.70666666666668,0.8522727272727273,0.9340920000000001,1.0905608065673174
433,1498,93,10.881694613449236,148.58064516129033,0.8454545454545455,1.1582740800000002,1.2143971188609348
434,1505,53,8.214724333230155,154.28301886792454,0.8688524590163934,0.6600916800000001,0.9167632355884854
435,1506,75,9.772050238058398,162.70666666666668,0.7731958762886598,0.9340920000000001,1.0905608065673174
436,1513,92,10.823032759612019,148.80434782608697,0.8,1.14581952,1.2078504559727015
437,1515,134,13.061933202803933,148.2537313432836,0.8535031847133758,1.6689110400000002,1.457711745432919
438,1516,104,11.507254783503184,150.42307692307693,0.7938931297709924,1.2952742400000001,1.2842096338389553
439,1525,62,8.884866446580956,148.69354838709677,0.8493150684931506,0.7721827200000001,0.9915510954384347
440,1527,157,14.138550439257221,149.45222929936307,0.7040358744394619,1.9553659200000002,1.577862229021106
441,1528,54,8.291859587312052,145.33333333333334,0.8709677419354839,0.6725462400000001,0.925371529944025
442,1534,105,11.562445770562215,151.25714285714287,0.8536585365853658,1.3077288000000002,1.2903689479947433
443,1535,189,15.512648837479231,146.34391534391534,0.6823104693140795,2.3539118400000003,1.7312116102626822
444,1539,51,8.058239062071396,162.88235294117646,0.8947368421052632,0.6351825600000001,0.8992994793271678
445,1543,61,8.812923024107548,149.98360655737704,0.8133333333333334,0.7597281600000001,0.9835222094904024
446,1546,54,8.291859587312052,148.87037037037038,0.9152542372881356,0.6725462400000001,0.925371529944025
447,1549,131,12.914889870235298,154.7709923664122,0.891156462585034,1.6315473600000001,1.4413017095182592
448,1550,130,12.865501965161373,148.3923076923077,0.6951871657754011,1.6190928000000002,1.4357900193120092
449,1553,55,8.368283871884005,147.56363636363636,0.7857142857142857,0.6850008000000001,0.933900480102255
450,1554,90,10.704744696916627,146.57777777777778,0.8411214953271028,1.1209104,1.1946495081758957
451,1573,192,15.635280380893438,147.53645833333334,0.6906474820143885,2.39127552,1.7448972905077078
452,1578,134,13.061933202803933,147.37313432835822,0.783625730994152,1.6689110400000002,1.457711745432919
453,1580,108,11.726460285670077,151.7314814814815,0.6506024096385542,1.3450924800000001,1.3086729678807807
454,1583,90,10.704744696916627,148.2888888888889,0.7627118644067796,1.1209104,1.1946495081758957
455,1584,61,8.812923024107548,152.86885245901638,0.8714285714285714,0.7597281600000001,0.9835222094904024
456,1586,146,13.63425735166143,147.4931506849315,0.7604166666666666,1.8183657600000003,1.5215831204454158
457,1590,60,8.740387444736633,152.06666666666666,0.8108108108108109,0.7472736000000001,0.9754272388326083
458,1591,69,9.373021315815206,147.7536231884058,0.7666666666666667,0.8593646400000001,1.0460291788449771
459,1596,104,11.507254783503184,149.56730769230768,0.832,1.2952742400000001,1.2842096338389553
460,1603,51,8.058239062071396,148.35294117647058,0.9444444444444444,0.6351825600000001,0.8992994793271678
461,1608,159,14.228319915326999,150.61006289308176,0.7832512315270936,1.9802750400000002,1.5878805025504932
462,1613,111,11.888212206450685,146.26126126126127,0.7762237762237763,1.3824561600000003,1.3267244822398965
463,1614,53,8.214724333230155,147.1509433962264,0.8983050847457628,0.6600916800000001,0.9167632355884854
464,1617,70,9.440697438826296,152.9142857142857,0.9459459459459459,0.8718192000000001,1.0535818341730148
465,1618,95,10.998079684646791,152.83157894736843,0.8962264150943396,1.1831832000000002,1.227385692806582
466,1623,128,12.766152972845846,147.1171875,0.7529411764705882,1.5941836800000002,1.4247026717695965
467,1628,108,11.726460285670077,146.3148148148148,0.7552447552447552,1.3450924800000001,1.3086729678807807
468,1632,58,8.593479713983122,150.0344827586207,0.9206349206349206,0.7223644800000001,0.9590323360805164
469,1635,155,14.048207338801282,148.83225806451614,0.6888888888888889,1.9304568000000002,1.5677799390102232
470,1638,77,9.901487006738307,150.85714285714286,0.8020833333333334,0.9590011200000002,1.105005949951995
471,1640,71,9.507891862878783,146.01408450704224,0.7634408602150538,0.8842737600000001,1.0610807318972721
472,1642,467,24.384480051691096,148.01284796573876,0.813588850174216,5.816279520000001,2.7213079737687265
473,1644,128,12.766152972845846,149.125,0.7111111111111111,1.5941836800000002,1.4247026717695965
474,1649,59,8.667244841319219,149.71186440677965,0.8676470588235294,0.7348190400000001,0.9672645242912249
475,1652,65,9.09728368293446,153.2923076923077,0.9154929577464789,0.8095464000000001,1.0152568590154858
476,1653,54,8.291859587312052,148.9814814814815,0.9152542372881356,0.6725462400000001,0.925371529944025
477,1657,80,10.092530088080641,146.275,0.6896551724137931,0.9963648000000002,1.1263263578297997
478,1660,93,10.881694613449236,149.38709677419354,0.9489795918367347,1.1582740800000002,1.2143971188609348
479,1662,80,10.092530088080641,150.025,0.851063829787234,0.9963648000000002,1.1263263578297997
480,1663,94,10.940041919714261,149.09574468085106,0.7768595041322314,1.17072864,1.2209086782401115
481,1668,79,10.02925341359355,149.50632911392404,0.8494623655913979,0.9839102400000002,1.1192646809570401
482,1680,77,9.901487006738307,145.16883116883116,0.7264150943396226,0.9590011200000002,1.105005949951995
483,1684,87,10.524820207108489,148.5287356321839,0.6850393700787402,1.0835467200000002,1.1745699351133074
484,1686,133,13.013103375051497,150.14285714285714,0.8580645161290322,1.6564564800000001,1.452262336655747
485,1688,119,12.309163489997376,145.4453781512605,0.7986577181208053,1.4820926400000003,1.3737026454837071
486,1689,57,8.51907589177983,149.64912280701753,0.8769230769230769,0.7099099200000001,0.950728869522629
487,1692,87,10.524820207108489,149.51724137931035,0.8365384615384616,1.0835467200000002,1.1745699351133074
488,1695,51,8.058239062071396,147.4313725490196,0.9107142857142857,0.6351825600000001,0.8992994793271678
489,1704,50,7.978845608028654,153.02,0.7575757575757576,0.6227280000000001,0.8904391698559978
490,1709,89,10.645107772184812,148.7865168539326,0.6402877697841727,1.1084558400000002,1.187994027375825
491,1710,92,10.823032759612019,148.83695652173913,0.8288288288288288,1.14581952,1.2078504559727015
492,1712,296,19.413369239820483,150.81756756756758,0.7978436657681941,3.6865497600000006,2.166532007163966
493,1718,65,9.09728368293446,145.52307692307693,0.8333333333333334,0.8095464000000001,1.0152568590154858
494,1719,383,22.082815618339236,149.51174934725847,0.6469594594594594,4.77009648,2.464442223006659
495,1726,63,8.95623198216277,153.53968253968253,0.8513513513513513,0.7846372800000001,0.9995154892093652
496,1727,89,10.645107772184812,147.48314606741573,0.898989898989899,1.1084558400000002,1.187994027375825
497,1728,91,10.764051215546116,152.83516483516485,0.8666666666666667,1.1333649600000002,1.2012681156549467
498,1732,86,10.464157913908982,153.08139534883722,0.7962962962962963,1.07109216,1.1678000231922425
499,1735,54,8.291859587312052,154.09259259259258,0.9310344827586207,0.6725462400000001,0.925371529944025
500,1739,54,8.291859587312052,146.40740740740742,0.8709677419354839,0.6725462400000001,0.925371529944025
501,1740,106,11.617374563210365,146.35849056603774,0.8617886178861789,1.3201833600000001,1.2964990012542768
502,1746,85,10.403141895720198,149.96470588235294,0.9042553191489362,1.0586376000000002,1.1609906355623743
503,1751,95,10.998079684646791,158.65263157894736,0.7364341085271318,1.1831832000000002,1.227385692806582
504,1752,68,9.304852983362556,149.4264705882353,0.8947368421052632,0.8469100800000001,1.0384215929432614
505,1756,61,8.812923024107548,149.0655737704918,0.782051282051282,0.7597281600000001,0.9835222094904024
506,1758,50,7.978845608028654,163.52,0.9615384615384616,0.6227280000000001,0.8904391698559978
507,1761,83,10.280023453913834,148.42168674698794,0.680327868852459,1.0337284800000002,1.147250617456784
508,1772,189,15.512648837479231,145.85714285714286,0.6897810218978102,2.3539118400000003,1.7312116102626822
509,1776,111,11.888212206450685,151.26126126126127,0.8604651162790697,1.3824561600000003,1.3267244822398965
510,1779,314,19.994929783493642,149.05095541401275,0.8134715025906736,3.9107318400000004,2.2314341638378905
511,1782,90,10.704744696916627,149.44444444444446,0.8737864077669902,1.1209104,1.1946495081758957
512,1783,76,9.83698151873187,145.96052631578948,0.9382716049382716,0.9465465600000001,1.0978071374904768
513,1789,97,11.11324596323283,148.83505154639175,0.8016528925619835,1.2080923200000002,1.2402382494967839
514,1790,100,11.283791670955125,151.08,0.8064516129032258,1.2454560000000001,1.259271150478592
515,1798,137,13.207339536360731,148.5182481751825,0.7365591397849462,1.7062747200000001,1.4739390922578577
516,1799,83,10.280023453913834,149.710843373494,0.7094017094017094,1.0337284800000002,1.147250617456784
517,1811,50,7.978845608028654,144.62,0.7936507936507936,0.6227280000000001,0.8904391698559978
518,1819,81,10.155412503859614,149.2962962962963,0.8526315789473684,1.0088193600000002,1.133344035430733
519,1820,56,8.444016491289505,146.94642857142858,0.8484848484848485,0.6974553600000001,0.9423522404279088
520,1825,120,12.360774464742066,151.1,0.7741935483870968,1.4945472000000002,1.3794624302652148
521,1832,73,9.640875829802336,160.7123287671233,0.8111111111111111,0.9091828800000001,1.0759217426059409
522,1834,177,15.012108426804138,146.78531073446328,0.7763157894736842,2.2044571200000003,1.6753513004313418
523,1840,60,8.740387444736633,146.75,0.8571428571428571,0.7472736000000001,0.9754272388326083
524,1841,70,9.440697438826296,150.34285714285716,0.6666666666666666,0.8718192000000001,1.0535818341730148
525,1853,62,8.884866446580956,142.29032258064515,0.8985507246376812,0.7721827200000001,0.9915510954384347
526,1858,59,8.667244841319219,147.11864406779662,0.8939393939393939,0.7348190400000001,0.9672645242912249
527,1866,135,13.110581167104948,149.83703703703705,0.8035714285714286,1.6813656000000001,1.4631408582489123
528,1867,71,9.507891862878783,151.61971830985917,0.797752808988764,0.8842737600000001,1.0610807318972721
529,1868,104,11.507254783503184,145.80769230769232,0.9122807017543859,1.2952742400000001,1.2842096338389553
530,1870,64,9.0270333367641,144.359375,0.8311688311688312,0.7970918400000001,1.0074169203828736
531,1871,73,9.640875829802336,148.6986301369863,0.8488372093023255,0.9091828800000001,1.0759217426059409
532,1875,67,9.23618154310838,154.01492537313433,0.9571428571428572,0.8344555200000001,1.0307578602108953
533,1876,53,8.214724333230155,147.22641509433961,0.9464285714285714,0.6600916800000001,0.9167632355884854
534,1887,107,11.67204486311899,152.71028037383178,0.7697841726618705,1.3326379200000003,1.3026002067240792
535,1889,91,10.764051215546116,152.76923076923077,0.9191919191919192,1.1333649600000002,1.2012681156549467
536,1890,84,10.341765891652821,150.16666666666666,0.9230769230769231,1.04618304,1.154141073508455
537,1893,55,8.368283871884005,149.0909090909091,0.8461538461538461,0.6850008000000001,0.933900480102255
538,1894,112,11.941642642883693,144.50892857142858,0.6871165644171779,1.3949107200000002,1.3326873189458202
539,1900,64,9.0270333367641,147.390625,0.8311688311688312,0.7970918400000001,1.0074169203828736
540,1902,120,12.360774464742066,147.85,0.8053691275167785,1.4945472000000002,1.3794624302652148
541,1903,57,8.51907589177983,152.9298245614035,0.8769230769230769,0.7099099200000001,0.950728869522629
542,1906,57,8.51907589177983,151.03508771929825,0.8507462686567164,0.7099099200000001,0.950728869522629
543,1909,555,26.582850624566497,148.25585585585586,0.7449664429530202,6.912280800000001,2.9666461297016213
544,1912,168,14.625465582862905,151.95833333333334,0.7636363636363637,2.09236608,1.6322019590475003
545,1913,71,9.507891862878783,152.90140845070422,0.8875,0.8842737600000001,1.0610807318972721
546,1919,146,13.63425735166143,147.23287671232876,0.7227722772277227,1.8183657600000003,1.5215831204454158
547,1922,98,11.170383851240114,151.09183673469389,0.8448275862068966,1.2205468800000001,1.2466148377983968
548,1923,144,13.540550005146152,149.24305555555554,0.5925925925925926,1.7934566400000003,1.5111253805743106
549,1946,52,8.136857890256438,145.71153846153845,0.7323943661971831,0.6476371200000001,0.9080733405526186
550,1950,79,10.02925341359355,149.43037974683546,0.7053571428571429,0.9839102400000002,1.1192646809570401
551,1954,109,11.780624362746345,149.57798165137615,0.7622377622377622,1.3575470400000003,1.3147176788824921
552,1958,334,20.62188177498708,149.30239520958085,0.8028846153846154,4.159823040000001,2.3014020060885585
553,1961,106,11.617374563210365,146.89622641509433,0.7066666666666667,1.3201833600000001,1.2964990012542768
554,1964,136,13.159049284959082,147.41176470588235,0.6903553299492385,1.6938201600000002,1.4685499002014335
555,1966,450,23.936536824085962,150.42,0.8287292817679558,5.604552000000001,2.6713175095679933
556,1967,64,9.0270333367641,149.875,0.8311688311688312,0.7970918400000001,1.0074169203828736
557,1970,75,9.772050238058398,150.16,0.7575757575757576,0.9340920000000001,1.0905608065673174
558,1971,74,9.706684619910241,148.94594594594594,0.7326732673267327,0.9216374400000001,1.083266003581983
559,1974,172,14.798554040663838,147.5872093023256,0.900523560209424,2.14218432,1.6515186309380843
560,1975,103,11.451797811161432,147.80582524271844,0.8956521739130435,1.2828196800000002,1.2780206357256159
561,1978,60,8.740387444736633,150.83333333333334,0.8450704225352113,0.7472736000000001,0.9754272388326083
562,1984,120,12.360774464742066,152.63333333333333,0.8888888888888888,1.4945472000000002,1.3794624302652148
563,1986,107,11.67204486311899,148.01869158878506,0.8991596638655462,1.3326379200000003,1.3026002067240792
564,1994,85,10.403141895720198,145.3764705882353,0.7870370370370371,1.0586376000000002,1.1609906355623743
565,1997,102,11.396070970426017,143.9607843137255,0.8793103448275862,1.2703651200000001,1.2718015202995436
566,2001,368,21.646065519224038,149.7961956521739,0.8803827751196173,4.58327808,2.415700911945403
567,2007,55,8.368283871884005,148.74545454545455,0.9166666666666666,0.6850008000000001,0.933900480102255
568,2015,50,7.978845608028654,166.44,0.8928571428571429,0.6227280000000001,0.8904391698559978
569,2017,54,8.291859587312052,148.09259259259258,0.9152542372881356,0.6725462400000001,0.925371529944025
570,2018,53,8.214724333230155,143.1509433962264,0.8833333333333333,0.6600916800000001,0.9167632355884854
571,2022,66,9.166995688475081,151.33333333333334,0.868421052631579,0.8220009600000001,1.0230367188338192
572,2024,72,9.574614729634384,144.94444444444446,0.8470588235294118,0.8967283200000001,1.0685270038271972
573,2025,88,10.585134856802455,141.375,0.8301886792452831,1.09600128,1.181301050019154
574,2028,83,10.280023453913834,151.6265060240964,0.9222222222222223,1.0337284800000002,1.147250617456784
575,2030,56,8.444016491289505,162.78571428571428,0.9032258064516129,0.6974553600000001,0.9423522404279088
576,2032,110,11.834540545406394,150.51818181818183,0.7333333333333333,1.3700016000000002,1.3207347248673538
577,2034,80,10.092530088080641,145.325,0.8602150537634409,0.9963648000000002,1.1263263578297997
578,2050,68,9.304852983362556,150.44117647058823,0.9066666666666666,0.8469100800000001,1.0384215929432614
579,2051,117,12.205286835384658,145.82051282051282,0.8731343283582089,1.4571835200000003,1.362110010828928
580,2059,106,11.617374563210365,150.32075471698113,0.7794117647058824,1.3201833600000001,1.2964990012542768
581,2071,143,13.493452297211721,151.27272727272728,0.8218390804597702,1.7810020800000002,1.5058692763688282
582,2072,113,11.994835078277376,151.5486725663717,0.7902097902097902,1.4073652800000003,1.3386235947357552
583,2079,95,10.998079684646791,147.97894736842105,0.7307692307692307,1.1831832000000002,1.227385692806582
584,2082,55,8.368283871884005,161.6,0.9166666666666666,0.6850008000000001,0.933900480102255
585,2087,61,8.812923024107548,146.50819672131146,0.8243243243243243,0.7597281600000001,0.9835222094904024
586,2088,57,8.51907589177983,147.52631578947367,0.8507462686567164,0.7099099200000001,0.950728869522629
587,2089,213,16.46815177937675,147.27699530516432,0.684887459807074,2.6528212800000004,1.8378457385784455
588,2096,86,10.464157913908982,146.08139534883722,0.8037383177570093,1.07109216,1.1678000231922425
589,2097,138,13.255453865237978,147.7173913043478,0.7301587301587301,1.7187292800000002,1.4793086513605584
590,2098,73,9.640875829802336,151.7945205479452,0.8295454545454546,0.9091828800000001,1.0759217426059409
591,2105,55,8.368283871884005,147.78181818181818,0.873015873015873,0.6850008000000001,0.933900480102255
592,2110,398,22.511093682995384,152.71859296482413,0.796,4.95691488,2.512238055022285
593,2113,68,9.304852983362556,150.72058823529412,0.8607594936708861,0.8469100800000001,1.0384215929432614
594,2119,61,8.812923024107548,151.86885245901638,0.8714285714285714,0.7597281600000001,0.9835222094904024
595,2132,53,8.214724333230155,148.30188679245282,0.828125,0.6600916800000001,0.9167632355884854
596,2134,60,8.740387444736633,145.61666666666667,0.9230769230769231,0.7472736000000001,0.9754272388326083
597,2136,104,11.507254783503184,151.85576923076923,0.8188976377952756,1.2952742400000001,1.2842096338389553
598,2138,103,11.451797811161432,150.60194174757282,0.8442622950819673,1.2828196800000002,1.2780206357256159
599,2140,50,7.978845608028654,164.56,0.847457627118644,0.6227280000000001,0.8904391698559978
600,2145,106,11.617374563210365,145.81132075471697,0.7571428571428571,1.3201833600000001,1.2964990012542768
601,2154,81,10.155412503859614,146.40740740740742,0.9418604651162791,1.0088193600000002,1.133344035430733
602,2160,71,9.507891862878783,150.1549295774648,0.8987341772151899,0.8842737600000001,1.0610807318972721
603,2161,77,9.901487006738307,151.0909090909091,0.6416666666666667,0.9590011200000002,1.105005949951995
604,2163,113,11.994835078277376,149.06194690265488,0.8432835820895522,1.4073652800000003,1.3386235947357552
605,2174,55,8.368283871884005,150.47272727272727,0.9166666666666666,0.6850008000000001,0.933900480102255
606,2175,131,12.914889870235298,149.6793893129771,0.5822222222222222,1.6315473600000001,1.4413017095182592
607,2178,104,11.507254783503184,149.125,0.9285714285714286,1.2952742400000001,1.2842096338389553
608,2183,66,9.166995688475081,151.6818181818182,0.88,0.8220009600000001,1.0230367188338192
609,2184,142,13.446189622059965,148.14788732394365,0.9530201342281879,1.7685475200000003,1.5005947618218922
610,2186,56,8.444016491289505,154.92857142857142,0.9180327868852459,0.6974553600000001,0.9423522404279088
611,2188,83,10.280023453913834,150.19277108433735,0.8924731182795699,1.0337284800000002,1.147250617456784
612,2193,54,8.291859587312052,150.12962962962962,0.8709677419354839,0.6725462400000001,0.925371529944025
613,2195,78,9.965574970333758,148.23076923076923,0.896551724137931,0.9714556800000002,1.1121581666892475
614,2197,72,9.574614729634384,150.77777777777777,0.8571428571428571,0.8967283200000001,1.0685270038271972
615,2201,91,10.764051215546116,151.4835164835165,0.875,1.1333649600000002,1.2012681156549467
616,2205,56,8.444016491289505,150.33928571428572,0.8235294117647058,0.6974553600000001,0.9423522404279088
617,2206,151,13.86575534383214,150.87417218543047,0.825136612021858,1.8806385600000002,1.547418296371667
618,2208,106,11.617374563210365,152.00943396226415,0.8346456692913385,1.3201833600000001,1.2964990012542768
619,2212,164,14.450303987687134,146.359756097561,0.7557603686635944,2.04254784,1.6126539250258842
620,2215,81,10.155412503859614,149.679012345679,0.7570093457943925,1.0088193600000002,1.133344035430733
621,2220,150,13.819765978853418,149.31333333333333,0.8426966292134831,1.8681840000000003,1.5422858832400415
622,2224,110,11.834540545406394,152.0818181818182,0.873015873015873,1.3700016000000002,1.3207347248673538
623,2226,100,11.283791670955125,146.78,0.9174311926605505,1.2454560000000001,1.259271150478592
624,2231,115,12.100518486599809,146.04347826086956,0.672514619883041,1.4322744000000003,1.3504178631045387
625,2239,166,14.538148590038452,150.15060240963857,0.6831275720164609,2.0674569600000003,1.6224573826482913
626,2241,106,11.617374563210365,149.5188679245283,0.7794117647058824,1.3201833600000001,1.2964990012542768
627,2242,143,13.493452297211721,147.76223776223776,0.8265895953757225,1.7810020800000002,1.5058692763688282
628,2253,52,8.136857890256438,146.94230769230768,0.7647058823529411,0.6476371200000001,0.9080733405526186
629,2254,84,10.341765891652821,147.91666666666666,0.8155339805825242,1.04618304,1.154141073508455
630,2259,97,11.11324596323283,147.9278350515464,0.697841726618705,1.2080923200000002,1.2402382494967839
631,2260,64,9.0270333367641,146.796875,0.6808510638297872,0.7970918400000001,1.0074169203828736
632,2263,62,8.884866446580956,145.2258064516129,0.7948717948717948,0.7721827200000001,0.9915510954384347
633,2264,106,11.617374563210365,146.9811320754717,0.7910447761194029,1.3201833600000001,1.2964990012542768
634,2265,130,12.865501965161373,147.25384615384615,0.8441558441558441,1.6190928000000002,1.4357900193120092
635,2270,53,8.214724333230155,148.18867924528303,0.9137931034482759,0.6600916800000001,0.9167632355884854
636,2274,110,11.834540545406394,148.71818181818182,0.7236842105263158,1.3700016000000002,1.3207347248673538
637,2276,83,10.280023453913834,145.34939759036143,0.8556701030927835,1.0337284800000002,1.147250617456784
638,2289,70,9.440697438826296,149.92857142857142,0.9333333333333333,0.8718192000000001,1.0535818341730148
639,2294,75,9.772050238058398,150.49333333333334,0.8241758241758241,0.9340920000000001,1.0905608065673174
640,2296,175,14.927053303604616,148.82285714285715,0.7142857142857143,2.1795480000000005,1.6658591486822751
641,2302,125,12.6156626101008,146.408,0.7396449704142012,1.5568200000000003,1.4079079472872493
642,2315,111,11.888212206450685,151.76576576576576,0.8538461538461538,1.3824561600000003,1.3267244822398965
643,2316,113,11.994835078277376,149.1150442477876,0.710691823899371,1.4073652800000003,1.3386235947357552
644,2319,111,11.888212206450685,145.9189189189189,0.8473282442748091,1.3824561600000003,1.3267244822398965
645,2327,71,9.507891862878783,145.33802816901408,0.7473684210526316,0.8842737600000001,1.0610807318972721
646,2335,144,13.540550005146152,154.125,0.8520710059171598,1.7934566400000003,1.5111253805743106
647,2336,99,11.227230955528665,145.3838383838384,0.7021276595744681,1.2330014400000002,1.2529589746369991
648,2338,63,8.95623198216277,146.31746031746033,0.9264705882352942,0.7846372800000001,0.9995154892093652
649,2340,87,10.524820207108489,147.7816091954023,0.8787878787878788,1.0835467200000002,1.1745699351133074
650,2344,70,9.440697438826296,146.61428571428573,0.8641975308641975,0.8718192000000001,1.0535818341730148
651,2348,77,9.901487006738307,152.96103896103895,0.8953488372093024,0.9590011200000002,1.105005949951995
652,2350,219,16.698486766680407,146.29223744292239,0.6221590909090909,2.72754864,1.8635511231615336
653,2351,79,10.02925341359355,146.46835443037975,0.7314814814814815,0.9839102400000002,1.1192646809570401
654,2354,105,11.562445770562215,149.6,0.7553956834532374,1.3077288000000002,1.2903689479947433
655,2356,79,10.02925341359355,151.67088607594937,0.8977272727272727,0.9839102400000002,1.1192646809570401
656,2360,152,13.911592676604096,149.86184210526315,0.9212121212121213,1.8930931200000003,1.5525337427090171
657,2364,95,10.998079684646791,150.10526315789474,0.7983193277310925,1.1831832000000002,1.227385692806582
658,2365,73,9.640875829802336,146.31506849315068,0.6697247706422018,0.9091828800000001,1.0759217426059409
659,2369,103,11.451797811161432,145.48543689320388,0.569060773480663,1.2828196800000002,1.2780206357256159
660,2376,120,12.360774464742066,147.35,0.7317073170731707,1.4945472000000002,1.3794624302652148
661,2377,91,10.764051215546116,146.2087912087912,0.7054263565891473,1.1333649600000002,1.2012681156549467
662,2379,84,10.341765891652821,150.70238095238096,0.711864406779661,1.04618304,1.154141073508455
663,2380,560,26.702324712498182,148.55,0.7407407407407407,6.974553600000001,2.9799794379147975
664,2381,75,9.772050238058398,149.97333333333333,0.8928571428571429,0.9340920000000001,1.0905608065673174
665,2385,151,13.86575534383214,153.46357615894038,0.766497461928934,1.8806385600000002,1.547418296371667
666,2390,68,9.304852983362556,146.0441176470588,0.8947368421052632,0.8469100800000001,1.0384215929432614
667,2398,189,15.512648837479231,147.4973544973545,0.7186311787072244,2.3539118400000003,1.7312116102626822
668,2403,134,13.061933202803933,148.98507462686567,0.7976190476190477,1.6689110400000002,1.457711745432919
669,2406,60,8.740387444736633,149.81666666666666,0.8823529411764706,0.7472736000000001,0.9754272388326083
670,2410,114,12.047792665040703,146.01754385964912,0.7862068965517242,1.4198198400000002,1.3445336614185426
671,2419,54,8.291859587312052,152.03703703703704,0.7397260273972602,0.6725462400000001,0.925371529944025
672,2421,62,8.884866446580956,146.79032258064515,0.8266666666666667,0.7721827200000001,0.9915510954384347
673,2428,109,11.780624362746345,145.1834862385321,0.7266666666666667,1.3575470400000003,1.3147176788824921
674,2438,59,8.667244841319219,148.54237288135593,0.7375,0.7348190400000001,0.9672645242912249
675,2439,91,10.764051215546116,152.8131868131868,0.8425925925925926,1.1333649600000002,1.2012681156549467
676,2444,61,8.812923024107548,147.0983606557377,0.9384615384615385,0.7597281600000001,0.9835222094904024
677,2449,231,17.14987856615383,148.32467532467533,0.5422535211267606,2.8770033600000002,1.9139264479827676
678,2450,143,13.493452297211721,147.9020979020979,0.7185929648241206,1.7810020800000002,1.5058692763688282
679,2451,92,10.823032759612019,145.06521739130434,0.9387755102040817,1.14581952,1.2078504559727015
680,2452,111,11.888212206450685,149.84684684684686,0.8951612903225806,1.3824561600000003,1.3267244822398965
681,2463,68,9.304852983362556,149.08823529411765,0.7727272727272727,0.8469100800000001,1.0384215929432614
682,2467,373,21.792621462004423,146.67024128686327,0.7987152034261242,4.645550880000001,2.4320565551596935
683,2474,136,13.159049284959082,150.47794117647058,0.8553459119496856,1.6938201600000002,1.4685499002014335
684,2478,51,8.058239062071396,150.47058823529412,0.864406779661017,0.6351825600000001,0.8992994793271678
685,2479,77,9.901487006738307,149.87012987012986,0.719626168224299,0.9590011200000002,1.105005949951995
686,2483,78,9.965574970333758,146.98717948717947,0.7155963302752294,0.9714556800000002,1.1121581666892475
687,2484,69,9.373021315815206,147.46376811594203,0.8117647058823529,0.8593646400000001,1.0460291788449771
688,2491,63,8.95623198216277,153.12698412698413,0.9,0.7846372800000001,0.9995154892093652
689,2494,90,10.704744696916627,147.2111111111111,0.7894736842105263,1.1209104,1.1946495081758957
690,2497,117,12.205286835384658,148.81196581196582,0.841726618705036,1.4571835200000003,1.362110010828928
691,2499,87,10.524820207108489,151.8735632183908,0.8613861386138614,1.0835467200000002,1.1745699351133074
692,2502,103,11.451797811161432,145.7864077669903,0.7410071942446043,1.2828196800000002,1.2780206357256159
693,2505,59,8.667244841319219,155.23728813559322,0.7866666666666666,0.7348190400000001,0.9672645242912249
694,2506,52,8.136857890256438,152.44230769230768,0.9454545454545454,0.6476371200000001,0.9080733405526186
695,2510,277,18.77997214831907,147.014440433213,0.7232375979112271,3.4499131200000006,2.0958448917524084
696,2516,96,11.055812783082736,148.22916666666666,0.8807339449541285,1.19563776,1.2338287065920335
697,2526,448,23.883285285767386,150.24553571428572,0.7368421052631579,5.579642880000001,2.6653746378916403
698,2528,60,8.740387444736633,148.38333333333333,0.9090909090909091,0.7472736000000001,0.9754272388326083
699,2535,73,9.640875829802336,152.4931506849315,0.8488372093023255,0.9091828800000001,1.0759217426059409
700,2537,104,11.507254783503184,149.18269230769232,0.8739495798319328,1.2952742400000001,1.2842096338389553
701,2544,73,9.640875829802336,147.26027397260273,0.8202247191011236,0.9091828800000001,1.0759217426059409
702,2553,78,9.965574970333758,146.19230769230768,0.7959183673469388,0.9714556800000002,1.1121581666892475
703,2565,502,25.281737508665255,147.64342629482073,0.7202295552367288,6.252189120000001,2.821441905967043
704,2570,84,10.341765891652821,150.9047619047619,0.8842105263157894,1.04618304,1.154141073508455
705,2578,83,10.280023453913834,148.36144578313252,0.83,1.0337284800000002,1.147250617456784
706,2586,53,8.214724333230155,150.03773584905662,0.7794117647058824,0.6600916800000001,0.9167632355884854
707,2589,54,8.291859587312052,144.66666666666666,0.9310344827586207,0.6725462400000001,0.925371529944025
708,2590,102,11.396070970426017,150.7058823529412,0.8095238095238095,1.2703651200000001,1.2718015202995436
709,2594,61,8.812923024107548,147.19672131147541,0.782051282051282,0.7597281600000001,0.9835222094904024
710,2597,133,13.013103375051497,150.09022556390977,0.806060606060606,1.6564564800000001,1.452262336655747
711,2599,83,10.280023453913834,146.78313253012047,0.8829787234042553,1.0337284800000002,1.147250617456784
712,2603,86,10.464157913908982,148.2906976744186,0.7166666666666667,1.07109216,1.1678000231922425
713,2612,59,8.667244841319219,148.08474576271186,0.9365079365079365,0.7348190400000001,0.9672645242912249
714,2616,56,8.444016491289505,151.83928571428572,0.8484848484848485,0.6974553600000001,0.9423522404279088
715,2617,117,12.205286835384658,147.7094017094017,0.9,1.4571835200000003,1.362110010828928
716,2618,54,8.291859587312052,150.05555555555554,0.9473684210526315,0.6725462400000001,0.925371529944025
717,2619,95,10.998079684646791,147.53684210526316,0.8796296296296297,1.1831832000000002,1.227385692806582
718,2621,69,9.373021315815206,147.7536231884058,0.8846153846153846,0.8593646400000001,1.0460291788449771
719,2625,53,8.214724333230155,147.9245283018868,0.8548387096774194,0.6600916800000001,0.9167632355884854
720,2634,113,11.994835078277376,149.0,0.70625,1.4073652800000003,1.3386235947357552
721,2635,62,8.884866446580956,150.66129032258064,0.8378378378378378,0.7721827200000001,0.9915510954384347
722,2637,144,13.540550005146152,148.65277777777777,0.6956521739130435,1.7934566400000003,1.5111253805743106
723,2638,126,12.666024736934256,145.23015873015873,0.7283236994219653,1.5692745600000002,1.413528360641863
724,2640,95,10.998079684646791,143.53684210526316,0.7196969696969697,1.1831832000000002,1.227385692806582
725,2641,128,12.766152972845846,146.2890625,0.6666666666666666,1.5941836800000002,1.4247026717695965
726,2643,503,25.30690599424961,150.73956262425446,0.7507462686567165,6.264643680000001,2.8242507089582567
727,2654,96,11.055812783082736,148.375,0.6620689655172414,1.19563776,1.2338287065920335
728,2666,127,12.716187407449045,148.748031496063,0.8193548387096774,1.5817291200000003,1.4191265146713135
729,2667,63,8.95623198216277,145.47619047619048,0.75,0.7846372800000001,0.9995154892093652
730,2670,92,10.823032759612019,149.2391304347826,0.7419354838709677,1.14581952,1.2078504559727015
731,2679,95,10.998079684646791,145.41052631578947,0.7251908396946565,1.1831832000000002,1.227385692806582
732,2680,80,10.092530088080641,151.7125,0.8695652173913043,0.9963648000000002,1.1263263578297997
733,2681,105,11.562445770562215,145.84761904761905,0.7394366197183099,1.3077288000000002,1.2903689479947433
734,2688,84,10.341765891652821,143.48809523809524,0.8571428571428571,1.04618304,1.154141073508455
735,2696,81,10.155412503859614,145.4814814814815,0.8350515463917526,1.0088193600000002,1.133344035430733
736,2703,422,23.179885415554555,148.27962085308056,0.8146718146718147,5.25582432,2.5868752123758885
737,2711,66,9.166995688475081,147.74242424242425,0.9295774647887324,0.8220009600000001,1.0230367188338192
738,2714,55,8.368283871884005,151.43636363636364,0.7638888888888888,0.6850008000000001,0.933900480102255
739,2715,112,11.941642642883693,151.875,0.8682170542635659,1.3949107200000002,1.3326873189458202
740,2717,54,8.291859587312052,146.61111111111111,0.9,0.6725462400000001,0.925371529944025
741,2720,66,9.166995688475081,151.9090909090909,0.868421052631579,0.8220009600000001,1.0230367188338192
742,2723,59,8.667244841319219,160.864406779661,0.8939393939393939,0.7348190400000001,0.9672645242912249
743,2724,135,13.110581167104948,144.14074074074074,0.7941176470588235,1.6813656000000001,1.4631408582489123
744,2728,152,13.911592676604096,149.42105263157896,0.8042328042328042,1.8930931200000003,1.5525337427090171
745,2729,52,8.136857890256438,151.17307692307693,0.9285714285714286,0.6476371200000001,0.9080733405526186
746,2735,94,10.940041919714261,146.0,0.7286821705426356,1.17072864,1.2209086782401115
747,2740,50,7.978845608028654,153.12,0.7936507936507936,0.6227280000000001,0.8904391698559978
748,2741,164,14.450303987687134,151.8658536585366,0.7557603686635944,2.04254784,1.6126539250258842
749,2743,102,11.396070970426017,149.5686274509804,0.6891891891891891,1.2703651200000001,1.2718015202995436
750,2747,51,8.058239062071396,150.3921568627451,0.7391304347826086,0.6351825600000001,0.8992994793271678
751,2760,95,10.998079684646791,145.37894736842105,0.8482142857142857,1.1831832000000002,1.227385692806582
752,2763,67,9.23618154310838,147.59701492537314,0.9178082191780822,0.8344555200000001,1.0307578602108953
753,2775,63,8.95623198216277,146.31746031746033,0.8181818181818182,0.7846372800000001,0.9995154892093652
754,2777,70,9.440697438826296,149.5142857142857,0.8860759493670886,0.8718192000000001,1.0535818341730148
755,2788,102,11.396070970426017,149.2941176470588,0.918918918918919,1.2703651200000001,1.2718015202995436
756,2799,72,9.574614729634384,142.79166666666666,0.8888888888888888,0.8967283200000001,1.0685270038271972
757,2800,58,8.593479713983122,145.29310344827587,0.8169014084507042,0.7223644800000001,0.9590323360805164
758,2803,68,9.304852983362556,150.76470588235293,0.8292682926829268,0.8469100800000001,1.0384215929432614
759,2810,51,8.058239062071396,150.45098039215685,0.9444444444444444,0.6351825600000001,0.8992994793271678
760,2814,53,8.214724333230155,150.11320754716982,0.9298245614035088,0.6600916800000001,0.9167632355884854
761,2817,185,15.347615963921077,145.32432432432432,0.74,2.3040936000000003,1.7127939415735922
762,2820,105,11.562445770562215,145.56190476190477,0.8536585365853658,1.3077288000000002,1.2903689479947433
763,2822,94,10.940041919714261,148.41489361702128,0.6911764705882353,1.17072864,1.2209086782401115
764,2827,102,11.396070970426017,145.81372549019608,0.6938775510204082,1.2703651200000001,1.2718015202995436
765,2832,70,9.440697438826296,152.35714285714286,0.7954545454545454,0.8718192000000001,1.0535818341730148
766,2836,124,12.565098628628435,147.41129032258064,0.8266666666666667,1.5443654400000002,1.4022650069549334
767,2840,61,8.812923024107548,155.65573770491804,0.8714285714285714,0.7597281600000001,0.9835222094904024
768,2841,432,23.452920571340155,150.1712962962963,0.7212020033388982,5.380369920000001,2.6173459357615614
769,2844,85,10.403141895720198,149.0705882352941,0.9550561797752809,1.0586376000000002,1.1609906355623743
770,2859,140,13.351162356249091,148.25714285714287,0.7734806629834254,1.7436384000000003,1.4899897189573987
771,2860,98,11.170383851240114,145.80612244897958,0.784,1.2205468800000001,1.2466148377983968
772,2864,70,9.440697438826296,145.9142857142857,0.7446808510638298,0.8718192000000001,1.0535818341730148
773,2868,52,8.136857890256438,159.46153846153845,0.9629629629629629,0.6476371200000001,0.9080733405526186
774,2874,207,16.23454913941803,149.66183574879227,0.7237762237762237,2.57809392,1.811775683959052
775,2880,76,9.83698151873187,151.82894736842104,0.8735632183908046,0.9465465600000001,1.0978071374904768
776,2881,78,9.965574970333758,153.0897435897436,0.8666666666666667,0.9714556800000002,1.1121581666892475
777,2882,78,9.965574970333758,148.85897435897436,0.8478260869565217,0.9714556800000002,1.1121581666892475
778,2884,67,9.23618154310838,146.80597014925374,0.8701298701298701,0.8344555200000001,1.0307578602108953
779,2889,125,12.6156626101008,144.536,0.6793478260869565,1.5568200000000003,1.4079079472872493
780,2895,63,8.95623198216277,146.15873015873015,0.8873239436619719,0.7846372800000001,0.9995154892093652
781,2906,98,11.170383851240114,149.1122448979592,0.7,1.2205468800000001,1.2466148377983968
782,2915,102,11.396070970426017,148.3235294117647,0.918918918918919,1.2703651200000001,1.2718015202995436
783,2921,90,10.704744696916627,148.45555555555555,0.7758620689655172,1.1209104,1.1946495081758957
784,2922,131,12.914889870235298,154.08396946564886,0.8291139240506329,1.6315473600000001,1.4413017095182592
785,2927,52,8.136857890256438,152.03846153846155,0.8387096774193549,0.6476371200000001,0.9080733405526186
786,2932,122,12.463355264843006,149.44262295081967,0.8840579710144928,1.5194563200000002,1.3909104475564795
787,2937,159,14.228319915326999,150.30188679245282,0.7718446601941747,1.9802750400000002,1.5878805025504932
788,2944,138,13.255453865237978,146.14492753623188,0.9139072847682119,1.7187292800000002,1.4793086513605584
789,2945,92,10.823032759612019,147.4673913043478,0.8679245283018868,1.14581952,1.2078504559727015
790,2949,202,16.03728119216293,150.51980198019803,0.9395348837209302,2.5158211200000005,1.789760581045383
791,2950,67,9.23618154310838,153.43283582089552,0.8701298701298701,0.8344555200000001,1.0307578602108953
792,2962,104,11.507254783503184,148.6153846153846,0.8813559322033898,1.2952742400000001,1.2842096338389553
793,2966,56,8.444016491289505,150.60714285714286,0.9333333333333333,0.6974553600000001,0.9423522404279088
794,2971,103,11.451797811161432,146.75728155339806,0.8174603174603174,1.2828196800000002,1.2780206357256159
795,2974,57,8.51907589177983,147.52631578947367,0.8636363636363636,0.7099099200000001,0.950728869522629
796,2976,58,8.593479713983122,148.9655172413793,0.8923076923076924,0.7223644800000001,0.9590323360805164
797,2978,120,12.360774464742066,145.875,0.7547169811320755,1.4945472000000002,1.3794624302652148
798,2979,81,10.155412503859614,150.34567901234567,0.9101123595505618,1.0088193600000002,1.133344035430733
799,2981,54,8.291859587312052,145.9814814814815,0.9,0.6725462400000001,0.925371529944025
800,2983,74,9.706684619910241,145.52702702702703,0.8222222222222222,0.9216374400000001,1.083266003581983
801,2985,61,8.812923024107548,147.327868852459,0.9384615384615385,0.7597281600000001,0.9835222094904024
802,2988,71,9.507891862878783,145.05633802816902,0.7634408602150538,0.8842737600000001,1.0610807318972721
803,2989,70,9.440697438826296,147.9,0.8641975308641975,0.8718192000000001,1.0535818341730148
804,2998,52,8.136857890256438,142.3653846153846,0.8666666666666667,0.6476371200000001,0.9080733405526186
